,unit,ticker,exchangeCD,shortNM,currencyCD,barTime,dataDate,closePrice,openPrice,highPrice,lowPrice,totalVolume,totalValue
0,1,000001,XSHG,上证指数,9:30,2016/7/1,2931.802,2931.802,2931.802,2931.802,112326800,1866192819,
1,1,000001,XSHG,上证指数,9:31,2016/7/1,2933.615,2931.994,2935.062,2931.994,217901600,3200835487,
2,1,000001,XSHG,上证指数,9:32,2016/7/1,2933.012,2935.141,2935.141,2933.012,124621100,1692212125,
3,1,000001,XSHG,上证指数,9:33,2016/7/1,2934.104,2933.348,2934.104,2932.727,109101700,1339115760,
4,1,000001,XSHG,上证指数,9:34,2016/7/1,2935.806,2933.892,2935.806,2933.692,94951100,1209111618,
5,1,000001,XSHG,上证指数,9:35,2016/7/1,2938.222,2935.767,2938.222,2935.489,109191000,1378811988,
6,1,000001,XSHG,上证指数,9:36,2016/7/1,2939.422,2938.257,2940.018,2938.257,108899800,1344259885,
7,1,000001,XSHG,上证指数,9:37,2016/7/1,2939.287,2939.727,2940.059,2938.474,110351000,1388401332,
8,1,000001,XSHG,上证指数,9:38,2016/7/1,2939.164,2938.853,2939.522,2938.217,101914400,1264661814,
9,1,000001,XSHG,上证指数,9:39,2016/7/1,2937.919,2938.9,2938.9,2937.733,98950200,1212896957,
10,1,000001,XSHG,上证指数,9:40,2016/7/1,2937.449,2937.919,2938.274,2936.998,94227600,1151913109,
11,1,000001,XSHG,上证指数,9:41,2016/7/1,2937.801,2938.21,2938.329,2937.118,88948100,1105634776,
12,1,000001,XSHG,上证指数,9:42,2016/7/1,2936.503,2937.404,2937.762,2936.237,92039300,1138879634,
13,1,000001,XSHG,上证指数,9:43,2016/7/1,2936.026,2936.852,2936.886,2935.811,83449200,1100337512,
14,1,000001,XSHG,上证指数,9:44,2016/7/1,2935.432,2936.382,2936.619,2935.432,81427900,1056020007,
15,1,000001,XSHG,上证指数,9:45,2016/7/1,2935.623,2936.273,2936.717,2935.623,75955700,970261943.9,
16,1,000001,XSHG,上证指数,9:46,2016/7/1,2935.217,2936.34,2937.034,2935.217,85919000,1077042630,
17,1,000001,XSHG,上证指数,9:47,2016/7/1,2934.003,2935.113,2935.861,2934.003,103025400,1322876835,
18,1,000001,XSHG,上证指数,9:48,2016/7/1,2933.75,2933.622,2934.514,2932.832,89630200,1155711248,
19,1,000001,XSHG,上证指数,9:49,2016/7/1,2933.62,2933.564,2934.526,2933.001,84920500,1087880725,
20,1,000001,XSHG,上证指数,9:50,2016/7/1,2934.026,2934.415,2934.415,2933.365,73193900,954262684,
21,1,000001,XSHG,上证指数,9:51,2016/7/1,2935.344,2934.364,2935.412,2934.286,71322000,953608638.1,
22,1,000001,XSHG,上证指数,9:52,2016/7/1,2935.267,2935.003,2935.847,2934.915,70830300,920628158.3,
23,1,000001,XSHG,上证指数,9:53,2016/7/1,2936.386,2936.048,2936.627,2935.565,69812900,906472628.4,
24,1,000001,XSHG,上证指数,9:54,2016/7/1,2936.88,2936.945,2937.157,2936.45,71921300,948974620,
25,1,000001,XSHG,上证指数,9:55,2016/7/1,2937.618,2936.923,2937.618,2936.715,75368700,996387560,
26,1,000001,XSHG,上证指数,9:56,2016/7/1,2938.095,2937.536,2938.391,2936.963,69628700,883012261.6,
27,1,000001,XSHG,上证指数,9:57,2016/7/1,2938.156,2937.738,2938.156,2937.165,70193100,895361563.8,
28,1,000001,XSHG,上证指数,9:58,2016/7/1,2938.265,2937.877,2938.467,2937.604,66382900,839719557.1,
29,1,000001,XSHG,上证指数,9:59,2016/7/1,2938.335,2938.336,2938.884,2937.923,68581200,857480559.2,
30,1,000001,XSHG,上证指数,10:00,2016/7/1,2939.077,2938.729,2939.954,2938.407,73868800,920897335,
31,1,000001,XSHG,上证指数,10:01,2016/7/1,2940.773,2939.094,2940.773,2939.094,83875000,999229872.8,
32,1,000001,XSHG,上证指数,10:02,2016/7/1,2942.367,2940.912,2942.367,2940.912,95444100,1106820779,
33,1,000001,XSHG,上证指数,10:03,2016/7/1,2941.861,2941.765,2942.923,2941.707,98462200,1115045133,
34,1,000001,XSHG,上证指数,10:04,2016/7/1,2943.318,2942.786,2943.461,2942.416,83989900,986229531.1,
35,1,000001,XSHG,上证指数,10:05,2016/7/1,2942.593,2942.977,2943.727,2942.541,79589100,949393492.9,
36,1,000001,XSHG,上证指数,10:06,2016/7/1,2943.131,2942.527,2943.327,2941.958,80873000,973210111,
37,1,000001,XSHG,上证指数,10:07,2016/7/1,2942.521,2942.792,2943.18,2942.402,76153900,925896473.1,
38,1,000001,XSHG,上证指数,10:08,2016/7/1,2942.92,2942.815,2943.169,2942.07,68890100,850703105.7,
39,1,000001,XSHG,上证指数,10:09,2016/7/1,2942.774,2942.464,2942.873,2941.995,63316300,777110059.4,
40,1,000001,XSHG,上证指数,10:10,2016/7/1,2941.35,2942.421,2942.619,2941.128,63545600,805151729,
41,1,000001,XSHG,上证指数,10:11,2016/7/1,2941.357,2941.249,2941.802,2940.695,65544000,794317072.8,
42,1,000001,XSHG,上证指数,10:12,2016/7/1,2941.835,2941.467,2941.835,2940.754,54073300,688195416.7,
43,1,000001,XSHG,上证指数,10:13,2016/7/1,2942.335,2941.776,2942.335,2941.496,67893300,857672978,
44,1,000001,XSHG,上证指数,10:14,2016/7/1,2942.976,2942.276,2943.038,2941.88,73579600,923613169.5,
45,1,000001,XSHG,上证指数,10:15,2016/7/1,2944.13,2943.774,2944.392,2942.854,87589500,1069292068,
46,1,000001,XSHG,上证指数,10:16,2016/7/1,2943.453,2944.606,2944.847,2943.453,73310400,924481022.4,
47,1,000001,XSHG,上证指数,10:17,2016/7/1,2942.995,2943.673,2944.942,2942.995,77825200,962574794.7,
48,1,000001,XSHG,上证指数,10:18,2016/7/1,2942.719,2943.557,2943.917,2942.54,75281500,942170963.6,
49,1,000001,XSHG,上证指数,10:19,2016/7/1,2942.748,2942.9,2943.231,2942.384,68778300,894045690.8,
50,1,000001,XSHG,上证指数,10:20,2016/7/1,2941.976,2942.479,2943.461,2941.976,68849300,901571064.7,
51,1,000001,XSHG,上证指数,10:21,2016/7/1,2942.037,2942.191,2943.077,2942.037,68292600,888459213.6,
52,1,000001,XSHG,上证指数,10:22,2016/7/1,2941.175,2942.293,2942.293,2941.175,69233300,905898197.9,
53,1,000001,XSHG,上证指数,10:23,2016/7/1,2941.2,2941.391,2942.475,2941.2,69600500,815816939.6,
54,1,000001,XSHG,上证指数,10:24,2016/7/1,2941.647,2941.26,2942.401,2941.223,64806900,802966132.8,
55,1,000001,XSHG,上证指数,10:25,2016/7/1,2941.67,2941.267,2942.648,2941.096,69163800,825152231.9,
56,1,000001,XSHG,上证指数,10:26,2016/7/1,2941.715,2942.168,2942.685,2941.032,65750200,784948645,
57,1,000001,XSHG,上证指数,10:27,2016/7/1,2939.892,2941.757,2942.11,2939.892,60299800,756223290.5,
58,1,000001,XSHG,上证指数,10:28,2016/7/1,2939.143,2939.691,2940.61,2939.143,84504300,1048660401,
59,1,000001,XSHG,上证指数,10:29,2016/7/1,2937.934,2939.306,2939.8,2937.699,80706700,985933714.7,
60,1,000001,XSHG,上证指数,10:30,2016/7/1,2937.583,2938.41,2938.717,2937.537,70721900,892871864.3,
61,1,000001,XSHG,上证指数,10:31,2016/7/1,2937.502,2938.297,2938.431,2937.254,62233800,765855113.1,
62,1,000001,XSHG,上证指数,10:32,2016/7/1,2937.24,2938.362,2939.004,2937.209,56890400,727821789.5,
63,1,000001,XSHG,上证指数,10:33,2016/7/1,2937.997,2937.73,2938.74,2937.377,47779900,600542073.2,
64,1,000001,XSHG,上证指数,10:34,2016/7/1,2938.935,2938.677,2939.039,2938.086,47871400,598499750,
65,1,000001,XSHG,上证指数,10:35,2016/7/1,2937.965,2939.276,2939.276,2937.908,48868200,600177201.5,
66,1,000001,XSHG,上证指数,10:36,2016/7/1,2938.001,2939.026,2939.026,2937.212,47427500,616842371.7,
67,1,000001,XSHG,上证指数,10:37,2016/7/1,2937.069,2938.434,2938.434,2936.948,51132900,643030631.4,
68,1,000001,XSHG,上证指数,10:38,2016/7/1,2938.06,2937.781,2938.135,2937.231,50937600,674159497.6,
69,1,000001,XSHG,上证指数,10:39,2016/7/1,2938.971,2938.332,2939.126,2937.616,52325500,644631904.6,
70,1,000001,XSHG,上证指数,10:40,2016/7/1,2938.812,2938.847,2939.412,2938.338,52379500,635039422.4,
71,1,000001,XSHG,上证指数,10:41,2016/7/1,2939.86,2939.419,2939.906,2938.883,48108300,600750705.5,
72,1,000001,XSHG,上证指数,10:42,2016/7/1,2939.329,2939.104,2940.492,2938.687,45172800,548191062.5,
73,1,000001,XSHG,上证指数,10:43,2016/7/1,2939.955,2939.981,2940.406,2939.192,42983600,513333250.5,
74,1,000001,XSHG,上证指数,10:44,2016/7/1,2939.762,2939.555,2940.023,2939.325,43801300,534064544.6,
75,1,000001,XSHG,上证指数,10:45,2016/7/1,2939.476,2939.507,2939.693,2938.869,45522000,537320927.2,
76,1,000001,XSHG,上证指数,10:46,2016/7/1,2938.664,2939.339,2939.408,2938.346,44768700,535777649.3,
77,1,000001,XSHG,上证指数,10:47,2016/7/1,2938.094,2938.202,2939.02,2937.447,51352600,609639936.2,
78,1,000001,XSHG,上证指数,10:48,2016/7/1,2936.964,2938.408,2938.408,2936.536,59789300,704359136.5,
79,1,000001,XSHG,上证指数,10:49,2016/7/1,2935.832,2936.907,2936.907,2935.347,63740700,790396666.4,
80,1,000001,XSHG,上证指数,10:50,2016/7/1,2935.787,2936.419,2936.419,2934.705,65315100,779737493,
81,1,000001,XSHG,上证指数,10:51,2016/7/1,2935.273,2935.273,2935.509,2934.067,58710800,711623075.5,
82,1,000001,XSHG,上证指数,10:52,2016/7/1,2934.973,2934.868,2934.973,2934.174,57705900,691447960.4,
83,1,000001,XSHG,上证指数,10:53,2016/7/1,2934.034,2934.847,2934.885,2933.751,47167700,609160490.5,
84,1,000001,XSHG,上证指数,10:54,2016/7/1,2934.948,2934.356,2934.948,2933.86,47502200,543763523.2,
85,1,000001,XSHG,上证指数,10:55,2016/7/1,2934.223,2934.948,2935.125,2934.153,41739200,508969647.4,
86,1,000001,XSHG,上证指数,10:56,2016/7/1,2934.239,2934.584,2935.349,2934.239,46784400,578724369.9,
87,1,000001,XSHG,上证指数,10:57,2016/7/1,2934.921,2935.43,2935.954,2934.921,43028100,538652202.5,
88,1,000001,XSHG,上证指数,10:58,2016/7/1,2935.09,2934.886,2936.019,2934.886,43330400,550330566.1,
89,1,000001,XSHG,上证指数,10:59,2016/7/1,2936.457,2935.179,2936.525,2935.179,41640800,522283208.1,
90,1,000001,XSHG,上证指数,11:00,2016/7/1,2936.181,2936.109,2936.37,2935.872,41877100,492967264,
91,1,000001,XSHG,上证指数,11:01,2016/7/1,2935.1,2935.698,2936.154,2935.1,38868300,487345508.9,
92,1,000001,XSHG,上证指数,11:02,2016/7/1,2934.954,2935.438,2936.331,2934.954,48447100,547182377.7,
93,1,000001,XSHG,上证指数,11:03,2016/7/1,2934.245,2935.699,2935.969,2934.245,42939300,510695746.7,
94,1,000001,XSHG,上证指数,11:04,2016/7/1,2934.619,2934.922,2935.548,2934.619,39371200,521463274.1,
95,1,000001,XSHG,上证指数,11:05,2016/7/1,2934.354,2934.949,2935.732,2934.354,37679500,468548494.7,
96,1,000001,XSHG,上证指数,11:06,2016/7/1,2935.329,2935.148,2935.864,2935.125,43978100,553080894.7,
97,1,000001,XSHG,上证指数,11:07,2016/7/1,2935.8,2936.554,2936.87,2935.732,41639200,503083378.9,
98,1,000001,XSHG,上证指数,11:08,2016/7/1,2936.29,2936.912,2936.981,2936.214,37101700,468148726.9,
99,1,000001,XSHG,上证指数,11:09,2016/7/1,2936.883,2936.946,2937.624,2936.883,35029900,417215200.5,
100,1,000001,XSHG,上证指数,11:10,2016/7/1,2937.019,2936.78,2938.271,2936.78,36232800,455220478.3,
101,1,000001,XSHG,上证指数,11:11,2016/7/1,2937.804,2938.217,2938.34,2937.804,38572000,482942747.8,
102,1,000001,XSHG,上证指数,11:12,2016/7/1,2937.94,2938.685,2938.868,2937.924,37907700,451893399.4,
103,1,000001,XSHG,上证指数,11:13,2016/7/1,2937.4,2938.729,2938.729,2937.318,36067000,439873971.5,
104,1,000001,XSHG,上证指数,11:14,2016/7/1,2937.789,2938.251,2938.351,2937.158,34039700,404135839.8,
105,1,000001,XSHG,上证指数,11:15,2016/7/1,2937.642,2938.4,2938.4,2936.513,35551800,436750443.3,
106,1,000001,XSHG,上证指数,11:16,2016/7/1,2936.032,2937.427,2937.427,2935.735,53716100,559193059.4,
107,1,000001,XSHG,上证指数,11:17,2016/7/1,2935.688,2937.101,2937.101,2935.688,42962600,490300116.4,
108,1,000001,XSHG,上证指数,11:18,2016/7/1,2936.209,2936.587,2936.757,2935.457,40514400,446277961.4,
109,1,000001,XSHG,上证指数,11:19,2016/7/1,2935.985,2936.678,2936.678,2935.397,36851000,440745010.5,
110,1,000001,XSHG,上证指数,11:20,2016/7/1,2935.293,2935.814,2936.326,2935.25,35902500,421928216.3,
111,1,000001,XSHG,上证指数,11:21,2016/7/1,2935.918,2935.463,2935.955,2934.885,37589400,453579929.8,
112,1,000001,XSHG,上证指数,11:22,2016/7/1,2935.351,2936.207,2936.207,2934.625,41633700,490493218.8,
113,1,000001,XSHG,上证指数,11:23,2016/7/1,2935.339,2935.834,2936.021,2934.739,39872900,464015580.4,
114,1,000001,XSHG,上证指数,11:24,2016/7/1,2935.246,2935.844,2936.052,2934.532,37496900,446759596.6,
115,1,000001,XSHG,上证指数,11:25,2016/7/1,2935.709,2935.279,2935.885,2934.795,35130100,430616419.7,
116,1,000001,XSHG,上证指数,11:26,2016/7/1,2935.964,2936.052,2936.052,2935.141,33014400,402591684.4,
117,1,000001,XSHG,上证指数,11:27,2016/7/1,2935.488,2935.435,2935.707,2934.974,32728200,402619993.5,
118,1,000001,XSHG,上证指数,11:28,2016/7/1,2936.032,2935.845,2936.032,2934.645,31685000,420910224.8,
119,1,000001,XSHG,上证指数,11:29,2016/7/1,2935.686,2935.638,2935.709,2934.945,35896100,448292610,
120,1,000001,XSHG,上证指数,11:30,2016/7/1,2935.203,2935.207,2935.647,2934.405,37017000,452676618.9,
121,1,000001,XSHG,上证指数,13:01,2016/7/1,2934.133,2935.203,2935.203,2934.133,104361400,1147146558,
122,1,000001,XSHG,上证指数,13:02,2016/7/1,2933.653,2934.319,2934.684,2933.587,36548900,414812773.9,
123,1,000001,XSHG,上证指数,13:03,2016/7/1,2933.736,2934.462,2934.746,2933.413,32844500,407228094.2,
124,1,000001,XSHG,上证指数,13:04,2016/7/1,2932.927,2933.963,2934.149,2932.927,31726600,390029576.9,
125,1,000001,XSHG,上证指数,13:05,2016/7/1,2932.892,2933.873,2933.873,2932.609,33657800,415091003.3,
126,1,000001,XSHG,上证指数,13:06,2016/7/1,2932.182,2933.248,2933.776,2931.913,37855500,469829373.7,
127,1,000001,XSHG,上证指数,13:07,2016/7/1,2931.298,2933.415,2933.415,2931.298,45242700,562399735.8,
128,1,000001,XSHG,上证指数,13:08,2016/7/1,2930.044,2931.885,2931.885,2929.868,48615700,609053523.2,
129,1,000001,XSHG,上证指数,13:09,2016/7/1,2930.036,2930.873,2930.873,2929.27,54536900,636705386.8,
130,1,000001,XSHG,上证指数,13:10,2016/7/1,2930.365,2930.299,2930.365,2929.255,52115700,637769999.1,
131,1,000001,XSHG,上证指数,13:11,2016/7/1,2929.196,2929.944,2930.151,2929.194,51861900,637351862.4,
132,1,000001,XSHG,上证指数,13:12,2016/7/1,2929.096,2929.214,2929.866,2928.882,55669300,624028017.7,
133,1,000001,XSHG,上证指数,13:13,2016/7/1,2928.796,2929.007,2929.603,2928.796,51763100,602585957.3,
134,1,000001,XSHG,上证指数,13:14,2016/7/1,2928.909,2929.117,2929.424,2928.691,54064600,615440626.3,
135,1,000001,XSHG,上证指数,13:15,2016/7/1,2929.582,2928.76,2930.043,2928.76,53615600,586275815.4,
136,1,000001,XSHG,上证指数,13:16,2016/7/1,2930.014,2930.13,2930.581,2929.927,49473600,546557959.4,
137,1,000001,XSHG,上证指数,13:17,2016/7/1,2931.063,2930.634,2931.855,2930.495,41993200,466936067.9,
138,1,000001,XSHG,上证指数,13:18,2016/7/1,2931.67,2931.374,2932.202,2931.374,38691000,461549363.2,
139,1,000001,XSHG,上证指数,13:19,2016/7/1,2932.028,2931.791,2932.238,2931.529,43256200,555089836.4,
140,1,000001,XSHG,上证指数,13:20,2016/7/1,2930.997,2931.948,2932.148,2930.994,47196200,520779173.8,
141,1,000001,XSHG,上证指数,13:21,2016/7/1,2931.156,2932.218,2932.218,2930.485,44139800,503582165.4,
142,1,000001,XSHG,上证指数,13:22,2016/7/1,2930.815,2932.023,2932.023,2930.815,39644400,482271137.5,
143,1,000001,XSHG,上证指数,13:23,2016/7/1,2931.087,2931.592,2931.765,2930.916,36713800,447291703.4,
144,1,000001,XSHG,上证指数,13:24,2016/7/1,2931.124,2932.249,2932.36,2931.124,34809900,422210063,
145,1,000001,XSHG,上证指数,13:25,2016/7/1,2931.525,2931.987,2932.199,2930.881,37613400,455740828.9,
146,1,000001,XSHG,上证指数,13:26,2016/7/1,2930.349,2931.919,2932.023,2930.349,43115200,510682753.4,
147,1,000001,XSHG,上证指数,13:27,2016/7/1,2929.686,2931.54,2931.54,2929.686,49570400,579493518.9,
148,1,000001,XSHG,上证指数,13:28,2016/7/1,2929.646,2930.905,2930.905,2929.572,44461500,520807646,
149,1,000001,XSHG,上证指数,13:29,2016/7/1,2929.871,2929.748,2930.527,2929.349,42791800,509151752,
150,1,000001,XSHG,上证指数,13:30,2016/7/1,2929.721,2930.367,2930.367,2929.647,44436700,499902986.2,
151,1,000001,XSHG,上证指数,13:31,2016/7/1,2929.06,2930.824,2930.824,2929.06,42630700,537539343.8,
152,1,000001,XSHG,上证指数,13:32,2016/7/1,2928.53,2929.276,2929.282,2928.342,60709500,773489808,
153,1,000001,XSHG,上证指数,13:33,2016/7/1,2927.374,2928.119,2928.356,2926.745,81583000,1000821295,
154,1,000001,XSHG,上证指数,13:34,2016/7/1,2926.243,2927.457,2927.503,2926.243,81662300,957754368.2,
155,1,000001,XSHG,上证指数,13:35,2016/7/1,2926.631,2926.587,2927.712,2925.888,85368800,1000337161,
156,1,000001,XSHG,上证指数,13:36,2016/7/1,2927.926,2927.948,2928.117,2927.243,63829900,769366174.8,
157,1,000001,XSHG,上证指数,13:37,2016/7/1,2929.438,2928.986,2929.438,2927.986,55599000,655472458.3,
158,1,000001,XSHG,上证指数,13:38,2016/7/1,2929.976,2929.736,2930.195,2929.267,41446300,526408445.2,
159,1,000001,XSHG,上证指数,13:39,2016/7/1,2930.359,2930.372,2930.799,2930.075,48455800,521566725.3,
160,1,000001,XSHG,上证指数,13:40,2016/7/1,2930.08,2931.371,2931.371,2930.08,40367600,488560863,
161,1,000001,XSHG,上证指数,13:41,2016/7/1,2930.197,2931.346,2931.461,2929.981,39154600,480082939.7,
162,1,000001,XSHG,上证指数,13:42,2016/7/1,2930.528,2930.349,2931.228,2930.043,44482400,512564815,
163,1,000001,XSHG,上证指数,13:43,2016/7/1,2931.093,2931.812,2931.896,2930.523,51714800,530383036.7,
164,1,000001,XSHG,上证指数,13:44,2016/7/1,2931.783,2931.86,2932.196,2930.875,54554500,593092452.4,
165,1,000001,XSHG,上证指数,13:45,2016/7/1,2932.532,2932.436,2932.791,2931.633,55987700,628664558,
166,1,000001,XSHG,上证指数,13:46,2016/7/1,2932.688,2932.805,2933.04,2932.376,46299700,575091057.7,
167,1,000001,XSHG,上证指数,13:47,2016/7/1,2932.962,2933.334,2933.334,2932.124,46191600,539710985.5,
168,1,000001,XSHG,上证指数,13:48,2016/7/1,2931.795,2932.378,2932.933,2931.795,40981400,470435893.2,
169,1,000001,XSHG,上证指数,13:49,2016/7/1,2931.482,2931.924,2932.546,2931.482,41178700,477959288.6,
170,1,000001,XSHG,上证指数,13:50,2016/7/1,2932.254,2932.386,2932.944,2931.704,36606500,426853152.2,
171,1,000001,XSHG,上证指数,13:51,2016/7/1,2932.156,2932.344,2933.258,2932.156,36929000,432666869.9,
172,1,000001,XSHG,上证指数,13:52,2016/7/1,2932.325,2932.733,2933.366,2932.325,39185900,459194389.5,
173,1,000001,XSHG,上证指数,13:53,2016/7/1,2933.1,2932.61,2933.825,2932.61,46836200,509089827.4,
174,1,000001,XSHG,上证指数,13:54,2016/7/1,2933.686,2933.729,2933.994,2933.369,43972400,501258040.5,
175,1,000001,XSHG,上证指数,13:55,2016/7/1,2933.591,2934.7,2934.943,2933.591,46872600,534579680.4,
176,1,000001,XSHG,上证指数,13:56,2016/7/1,2935.995,2934.626,2935.995,2934.443,45108200,531302089.9,
177,1,000001,XSHG,上证指数,13:57,2016/7/1,2934.691,2935.219,2935.665,2934.691,44044700,541487040.3,
178,1,000001,XSHG,上证指数,13:58,2016/7/1,2934.432,2936.078,2936.078,2934.432,40690200,498614041.5,
179,1,000001,XSHG,上证指数,13:59,2016/7/1,2934.659,2935.601,2935.668,2934.47,41431900,490956336.4,
180,1,000001,XSHG,上证指数,14:00,2016/7/1,2933.521,2935.006,2935.18,2933.521,40486100,477844023.8,
181,1,000001,XSHG,上证指数,14:01,2016/7/1,2934.062,2934.11,2934.857,2933.329,37184900,458396543.1,
182,1,000001,XSHG,上证指数,14:02,2016/7/1,2933.27,2934.852,2934.852,2932.94,33453000,398345317,
183,1,000001,XSHG,上证指数,14:03,2016/7/1,2933.424,2934.15,2934.15,2932.809,38648400,449262975.2,
184,1,000001,XSHG,上证指数,14:04,2016/7/1,2933.357,2933.927,2933.927,2932.479,39474900,430328233.1,
185,1,000001,XSHG,上证指数,14:05,2016/7/1,2933.069,2933.815,2934.139,2932.538,39644300,430068578,
186,1,000001,XSHG,上证指数,14:06,2016/7/1,2933.651,2933.364,2934.118,2932.805,33402000,416521326.3,
187,1,000001,XSHG,上证指数,14:07,2016/7/1,2934.067,2934.428,2934.559,2933.193,40840100,479780844.2,
188,1,000001,XSHG,上证指数,14:08,2016/7/1,2935.042,2934.191,2935.229,2934.191,46984500,561419584,
189,1,000001,XSHG,上证指数,14:09,2016/7/1,2935.505,2935.546,2935.907,2934.964,45085400,565912446.6,
190,1,000001,XSHG,上证指数,14:10,2016/7/1,2935.953,2936.406,2936.55,2935.477,48666100,593912621.9,
191,1,000001,XSHG,上证指数,14:11,2016/7/1,2936.887,2936.396,2936.887,2935.98,51228700,619607291.9,
192,1,000001,XSHG,上证指数,14:12,2016/7/1,2936.549,2935.497,2936.783,2935.497,51606400,608465161.5,
193,1,000001,XSHG,上证指数,14:13,2016/7/1,2936.389,2935.576,2936.827,2935.576,40560100,483662331.5,
194,1,000001,XSHG,上证指数,14:14,2016/7/1,2936.043,2936.489,2936.744,2936.043,45177100,489835107.7,
195,1,000001,XSHG,上证指数,14:15,2016/7/1,2935.19,2936.423,2936.742,2935.19,41716400,467663124.3,
196,1,000001,XSHG,上证指数,14:16,2016/7/1,2935.558,2936.666,2936.717,2935.558,37830800,467452784.7,
197,1,000001,XSHG,上证指数,14:17,2016/7/1,2935.38,2937.062,2937.062,2935.38,42254400,507137539.8,
198,1,000001,XSHG,上证指数,14:18,2016/7/1,2935.045,2936.415,2936.415,2935.045,45503500,542505614,
199,1,000001,XSHG,上证指数,14:19,2016/7/1,2934.538,2935.465,2935.465,2934.34,45698800,525370325.6,
200,1,000001,XSHG,上证指数,14:20,2016/7/1,2934.019,2934.653,2934.683,2933.398,47364800,546325512.2,
201,1,000001,XSHG,上证指数,14:21,2016/7/1,2933.071,2934.788,2934.788,2933.071,45595600,554365457.7,
202,1,000001,XSHG,上证指数,14:22,2016/7/1,2933.052,2934.374,2934.374,2932.785,41171800,494745695.4,
203,1,000001,XSHG,上证指数,14:23,2016/7/1,2932.769,2933.845,2933.845,2932.235,38378600,470673483.2,
204,1,000001,XSHG,上证指数,14:24,2016/7/1,2932.306,2933.083,2933.251,2932.306,44878900,550250904.5,
205,1,000001,XSHG,上证指数,14:25,2016/7/1,2932.159,2932.953,2933.102,2931.798,40227500,476098047.9,
206,1,000001,XSHG,上证指数,14:26,2016/7/1,2931.625,2932.111,2933.038,2931.601,50511600,599767628.9,
207,1,000001,XSHG,上证指数,14:27,2016/7/1,2930.488,2931.826,2932.297,2930.488,57337100,698608544.7,
208,1,000001,XSHG,上证指数,14:28,2016/7/1,2929.588,2930.924,2931.518,2929.588,57784800,736782737,
209,1,000001,XSHG,上证指数,14:29,2016/7/1,2929.454,2929.981,2930.975,2929.454,54735600,671009339.8,
210,1,000001,XSHG,上证指数,14:30,2016/7/1,2931.399,2929.838,2931.399,2929.67,55633700,660269583.9,
211,1,000001,XSHG,上证指数,14:31,2016/7/1,2930.721,2931.352,2932.032,2930.721,45296800,585168689.3,
212,1,000001,XSHG,上证指数,14:32,2016/7/1,2931.886,2931.419,2932.434,2931.255,41553500,520639541.6,
213,1,000001,XSHG,上证指数,14:33,2016/7/1,2931.167,2932.272,2932.757,2931.167,42829300,540174803.6,
214,1,000001,XSHG,上证指数,14:34,2016/7/1,2932.443,2931.807,2932.892,2931.807,44179900,531925024.8,
215,1,000001,XSHG,上证指数,14:35,2016/7/1,2932.543,2932.942,2933.114,2932.356,49904400,587380872.4,
216,1,000001,XSHG,上证指数,14:36,2016/7/1,2932.41,2933.567,2933.567,2932.41,44133500,553370564.3,
217,1,000001,XSHG,上证指数,14:37,2016/7/1,2932.948,2933.057,2933.32,2932.703,50223100,583764824.6,
218,1,000001,XSHG,上证指数,14:38,2016/7/1,2932.088,2933.732,2933.732,2931.879,49441300,603423215.4,
219,1,000001,XSHG,上证指数,14:39,2016/7/1,2932.125,2933.439,2933.439,2931.946,52132700,637598448.8,
220,1,000001,XSHG,上证指数,14:40,2016/7/1,2932.586,2932.721,2932.99,2932.13,51466800,661465525.4,
221,1,000001,XSHG,上证指数,14:41,2016/7/1,2935.449,2933.217,2935.449,2932.68,86397200,1049221208,
222,1,000001,XSHG,上证指数,14:42,2016/7/1,2936.816,2935.493,2936.816,2934.862,87994700,1088595027,
223,1,000001,XSHG,上证指数,14:43,2016/7/1,2937.944,2936.975,2938.195,2936.57,85078000,994811951.5,
224,1,000001,XSHG,上证指数,14:44,2016/7/1,2937.275,2938.185,2938.185,2936.626,73416600,880097838.5,
225,1,000001,XSHG,上证指数,14:45,2016/7/1,2937.296,2937.049,2937.673,2936.971,68707300,795475740.1,
226,1,000001,XSHG,上证指数,14:46,2016/7/1,2936.778,2936.809,2937.613,2936.605,62362700,720243716,
227,1,000001,XSHG,上证指数,14:47,2016/7/1,2935.329,2936.915,2937.367,2935.329,60051900,711776238.5,
228,1,000001,XSHG,上证指数,14:48,2016/7/1,2935.698,2936.356,2936.356,2935.623,61974600,751324944.9,
229,1,000001,XSHG,上证指数,14:49,2016/7/1,2935.331,2935.441,2935.878,2935.186,64524400,775864102.2,
230,1,000001,XSHG,上证指数,14:50,2016/7/1,2935.391,2935.02,2935.494,2934.457,65821600,776038830.6,
231,1,000001,XSHG,上证指数,14:51,2016/7/1,2934.035,2935.503,2935.503,2934.035,74236700,885710284.9,
232,1,000001,XSHG,上证指数,14:52,2016/7/1,2934.722,2934.742,2935.166,2934.17,66783000,818654851.8,
233,1,000001,XSHG,上证指数,14:53,2016/7/1,2933.717,2934.379,2935.243,2933.284,82698100,982634012.9,
234,1,000001,XSHG,上证指数,14:54,2016/7/1,2934.007,2933.484,2934.326,2933.375,91453600,1112478741,
235,1,000001,XSHG,上证指数,14:55,2016/7/1,2933.665,2932.968,2933.991,2932.968,85185600,1046539587,
236,1,000001,XSHG,上证指数,14:56,2016/7/1,2932.969,2933.294,2933.696,2932.483,115743100,1431935431,
237,1,000001,XSHG,上证指数,14:57,2016/7/1,2932.851,2933.094,2933.189,2932.556,105095900,1288789444,
238,1,000001,XSHG,上证指数,14:58,2016/7/1,2932.431,2932.849,2933.027,2932.319,118334300,1467245176,
239,1,000001,XSHG,上证指数,14:59,2016/7/1,2932.564,2932.67,2933.061,2932.394,125125500,1497855536,
240,1,000001,XSHG,上证指数,15:00,2016/7/1,2932.476,2932.438,2933.254,2932.097,155025200,1870300428,